{"loss": 0.48886698484420776, "_timestamp": 1680000415, "_runtime": 475, "dev AUC": 0.85068162198434, "_step": 1000, "_wandb": {"runtime": 468}}