{"loss": 0.5115472078323364, "_timestamp": 1680000941, "_runtime": 434, "dev AUC": 0.8392932688838355, "_step": 1000, "_wandb": {"runtime": 431}}