{"loss": 0.3852747976779938, "_timestamp": 1680003663, "_runtime": 1440, "_step": 70454, "dev AUC": 0.8826449004490344}