{"loss": 0.43213263154029846, "_timestamp": 1680001589, "_runtime": 595, "dev AUC": 0.8382077228946628, "_step": 2000, "_wandb": {"runtime": 593}}