{"loss": 1.1641618013381958, "_timestamp": 1680004872, "_runtime": 1139, "_step": 44420, "dev AUC": 0.8895897746460666, "_wandb": {"runtime": 1137}}